-- phpMyAdmin SQL Dump
-- version 5.2.1
-- https://www.phpmyadmin.net/
--
-- Máy chủ: localhost
-- Thời gian đã tạo: Th4 09, 2025 lúc 08:07 PM
-- Phiên bản máy phục vụ: 10.4.28-MariaDB
-- Phiên bản PHP: 8.2.4

SET SQL_MODE = "NO_AUTO_VALUE_ON_ZERO";
START TRANSACTION;
SET time_zone = "+00:00";


/*!40101 SET @OLD_CHARACTER_SET_CLIENT=@@CHARACTER_SET_CLIENT */;
/*!40101 SET @OLD_CHARACTER_SET_RESULTS=@@CHARACTER_SET_RESULTS */;
/*!40101 SET @OLD_COLLATION_CONNECTION=@@COLLATION_CONNECTION */;
/*!40101 SET NAMES utf8mb4 */;

--
-- Cơ sở dữ liệu: `QuanLyNhanSu`
--
CREATE DATABASE IF NOT EXISTS `QuanLyNhanSu` DEFAULT CHARACTER SET utf8mb4 COLLATE utf8mb4_general_ci;
USE `QuanLyNhanSu`;

-- --------------------------------------------------------

--
-- Cấu trúc bảng cho bảng `attendance_logs`
--

CREATE TABLE `attendance_logs` (
  `id` int(11) NOT NULL,
  `employee_id` int(11) NOT NULL,
  `check_in_time` datetime NOT NULL,
  `check_out_time` datetime DEFAULT NULL,
  `check_type_in` enum('QR','FaceID') NOT NULL,
  `status` enum('On Time','Late','Absent') DEFAULT 'On Time',
  `created_at` timestamp NOT NULL DEFAULT current_timestamp(),
  `check_type_out` enum('QR','FaceID') DEFAULT NULL
) ENGINE=InnoDB DEFAULT CHARSET=utf8mb4 COLLATE=utf8mb4_general_ci;

--
-- Đang đổ dữ liệu cho bảng `attendance_logs`
--

INSERT INTO `attendance_logs` (`id`, `employee_id`, `check_in_time`, `check_out_time`, `check_type_in`, `status`, `created_at`, `check_type_out`) VALUES
(207, 40, '2025-03-30 00:55:50', '2025-03-30 08:55:56', 'QR', 'Late', '2025-03-29 17:55:50', 'QR'),
(220, 40, '2025-04-01 18:30:21', '2025-04-01 18:30:48', 'QR', 'Late', '2025-04-01 11:30:21', 'QR'),
(221, 40, '2025-04-04 21:39:14', '2025-04-04 21:39:20', 'QR', 'Late', '2025-04-04 14:39:14', 'QR'),
(229, 40, '2025-04-05 15:51:30', NULL, 'QR', 'Late', '2025-04-05 08:51:30', NULL),
(247, 40, '2025-04-08 01:48:43', '2025-04-08 01:49:10', 'QR', 'Late', '2025-04-07 18:48:43', 'QR'),
(252, 78, '2025-04-09 19:35:12', '2025-04-09 19:37:19', 'QR', 'Late', '2025-04-09 12:35:12', 'FaceID');

-- --------------------------------------------------------

--
-- Cấu trúc bảng cho bảng `departments`
--

CREATE TABLE `departments` (
  `id` int(11) NOT NULL,
  `name` varchar(100) NOT NULL,
  `created_at` timestamp NOT NULL DEFAULT current_timestamp()
) ENGINE=InnoDB DEFAULT CHARSET=utf8mb4 COLLATE=utf8mb4_general_ci;

--
-- Đang đổ dữ liệu cho bảng `departments`
--

INSERT INTO `departments` (`id`, `name`, `created_at`) VALUES
(1, 'Phòng Kỹ Thuật', '2025-02-20 03:15:43'),
(2, 'Phòng Nhân Sự', '2025-02-20 03:15:43'),
(3, 'Phòng Kinh Doanh', '2025-02-20 03:15:43'),
(4, 'Phòng Kế Toán', '2025-02-20 03:15:43');

-- --------------------------------------------------------

--
-- Cấu trúc bảng cho bảng `employees`
--

CREATE TABLE `employees` (
  `id` int(11) NOT NULL,
  `employee_code` varchar(20) NOT NULL,
  `full_name` varchar(100) NOT NULL,
  `email` varchar(100) NOT NULL,
  `phone` varchar(15) DEFAULT NULL,
  `department_id` int(11) DEFAULT NULL,
  `face_id` text DEFAULT NULL,
  `qr_code` text DEFAULT NULL,
  `created_at` timestamp NOT NULL DEFAULT current_timestamp(),
  `updated_at` timestamp NOT NULL DEFAULT current_timestamp() ON UPDATE current_timestamp()
) ENGINE=InnoDB DEFAULT CHARSET=utf8mb4 COLLATE=utf8mb4_general_ci;

--
-- Đang đổ dữ liệu cho bảng `employees`
--

INSERT INTO `employees` (`id`, `employee_code`, `full_name`, `email`, `phone`, `department_id`, `face_id`, `qr_code`, `created_at`, `updated_at`) VALUES
(40, 'TVA02', 'Trần Văn A', 'hungtgdd68@gmail.com', '1234567890', 4, NULL, NULL, '2025-02-23 05:33:10', '2025-03-30 06:59:46'),
(42, 'TVA00', 'Trần Văn A', 'C@gmail.com', '0112345678', 4, NULL, NULL, '2025-02-23 14:06:13', '2025-03-02 09:25:53'),
(43, 'TVA01', 'Trần Văn A', 'L@gmail.com', '0112345678', 4, NULL, NULL, '2025-02-23 14:06:28', '2025-02-23 14:06:28'),
(44, 'TVA04', 'Trần Văn A', 'Admin@gmail.coma', '5678901234', 4, NULL, NULL, '2025-02-23 14:06:42', '2025-02-23 14:06:42'),
(45, 'TVA05', 'Trần Văn A', 'Abd@gmail.com', '1234567890', 4, NULL, NULL, '2025-03-01 06:47:23', '2025-03-09 10:07:05'),
(77, 'NĐ00', 'Nguyễn Đan', 'Dan@gmail.com', '1234567890', 2, '[[-0.09907712042331696,-0.011031159199774265,0.12105574458837509,-0.06084151566028595,-0.10942531377077103,-0.03983747959136963,-0.11433910578489304,-0.09275252372026443,0.08280086517333984,-0.17998571693897247,0.24522079527378082,-0.04281332343816757,-0.15875327587127686,-0.055488184094429016,0.028285576030611992,0.17639204859733582,-0.1637268364429474,-0.06652534008026123,-0.11063770949840546,-0.01191100012511015,0.020854782313108444,-0.026602990925312042,0.045074936002492905,0.030185583978891373,-0.09463338553905487,-0.37187156081199646,-0.11463070660829544,-0.05321945622563362,0.029968611896038055,-0.021272698417305946,-0.11114448308944702,0.03406786546111107,-0.1337694227695465,-0.018705090507864952,0.015106265433132648,0.09376340359449387,-0.03481879457831383,-0.06750752776861191,0.23177209496498108,-0.03174591064453125,-0.27737805247306824,0.007837828248739243,0.03211040794849396,0.20782384276390076,0.25111833214759827,0.04955944046378136,0.01766480691730976,-0.02612391673028469,0.14573776721954346,-0.26406580209732056,0.06894674152135849,0.1172550767660141,0.10841900110244751,0.03326443210244179,0.03784739971160889,-0.11365436762571335,0.0420147180557251,0.11726991087198257,-0.1376267820596695,-0.030278921127319336,0.06405811756849289,-0.15591058135032654,-0.005308010149747133,-0.05774932727217674,0.2544160783290863,0.15845738351345062,-0.1456613540649414,-0.15216654539108276,0.10042858123779297,-0.14800909161567688,-0.04336996376514435,0.02086881548166275,-0.19458375871181488,-0.15705084800720215,-0.3940921127796173,0.007297104224562645,0.3982248306274414,0.12230633199214935,-0.20117147266864777,0.010348900221288204,-0.025767549872398376,-0.014062768779695034,0.131535604596138,0.1662856489419937,-0.054265912622213364,0.020143922418355942,-0.05727279558777809,0.010042582638561726,0.20184053480625153,-0.07743164151906967,-0.022249171510338783,0.1987493634223938,0.016674622893333435,0.07423166930675507,0.017553525045514107,0.025719286873936653,-0.04348753020167351,-0.04834248870611191,-0.14429229497909546,0.059792954474687576,0.027066083624958992,-0.011781862936913967,0.026294078677892685,0.12873803079128265,-0.19903093576431274,0.15288767218589783,-0.0486784465610981,-0.006219799164682627,0.02199743688106537,-0.028672263026237488,-0.11127407848834991,-0.07521136850118637,0.11953167617321014,-0.1987517923116684,0.10217685252428055,0.22251112759113312,0.08089737594127655,0.13110068440437317,0.13470451533794403,0.04876714572310448,-0.01858983002603054,0.04441359266638756,-0.20318281650543213,-0.012951338663697243,0.09301286190748215,-0.030067430809140205,0.09279885143041611,0.03706017881631851],[-0.11885523051023483,0.02641509845852852,0.08411521464586258,-0.05517520383000374,-0.07065045833587646,-0.057963740080595016,-0.1276826113462448,-0.13814228773117065,0.07055611163377762,-0.15912768244743347,0.2156343311071396,-0.06495597958564758,-0.18408554792404175,-0.08777666091918945,-0.033409520983695984,0.1797083020210266,-0.20850802958011627,-0.06774173676967621,-0.07479986548423767,-0.025959817692637444,0.02951921708881855,-0.03871821612119675,0.008663724176585674,-0.010339885018765926,-0.08858653903007507,-0.38969168066978455,-0.09934346377849579,-0.04822041839361191,0.0329219326376915,0.04003181308507919,-0.097772017121315,0.02275303192436695,-0.14017033576965332,-0.01766449771821499,0.007812943309545517,0.08348555862903595,-0.03212574124336243,-0.047760915011167526,0.17224301397800446,-0.058227088302373886,-0.23634490370750427,0.0236501544713974,0.0302896685898304,0.23751430213451385,0.2531457841396332,0.04807472601532936,0.028788402676582336,-0.061711154878139496,0.14765557646751404,-0.20172792673110962,0.046841200441122055,0.12356865406036377,0.06923267245292664,0.028535043820738792,0.04483402892947197,-0.08423437923192978,0.031156646087765694,0.14014890789985657,-0.11186064034700394,-0.0030392128974199295,0.09628663957118988,-0.14144758880138397,0.01327736210078001,-0.06440822780132294,0.23657789826393127,0.10919276624917984,-0.12591631710529327,-0.14360424876213074,0.123595230281353,-0.1426975429058075,-0.0115427291020751,-0.02928241156041622,-0.15972204506397247,-0.16682316362857819,-0.34793370962142944,0.008462823927402496,0.3800983726978302,0.13522838056087494,-0.16383050382137299,0.04667464643716812,-0.035368505865335464,-0.010249488987028599,0.22677986323833466,0.12221694737672806,-0.022939616814255714,-0.01173342764377594,-0.0788687989115715,-0.011407800018787384,0.24515937268733978,-0.07395142316818237,-0.019184622913599014,0.192754864692688,-0.018729861825704575,0.02624368853867054,0.015310392715036869,-0.008899068459868431,-0.07877077907323837,0.011771166697144508,-0.12604086101055145,0.04059617593884468,0.04525656998157501,-0.06329764425754547,0.04198245331645012,0.09864269942045212,-0.1479758769273758,0.12133506685495377,-0.008409430272877216,0.08378755301237106,0.06649845093488693,-0.027336983010172844,-0.11726975440979004,-0.08220946043729782,0.13105006515979767,-0.16969327628612518,0.17126944661140442,0.18724380433559418,0.10143422335386276,0.13556089997291565,0.14207574725151062,0.04721915349364281,-0.021081555634737015,0.023926010355353355,-0.18747834861278534,-0.010864338837563992,0.07668206095695496,-0.012042551301419735,0.11791034042835236,0.035941898822784424],[-0.03641239181160927,0.04359317198395729,0.1075940877199173,0.0277995727956295,-0.08126961439847946,-0.05053621530532837,-0.07251548767089844,-0.15433259308338165,0.08820025622844696,-0.12700411677360535,0.24073265492916107,-0.046402331441640854,-0.16693533957004547,-0.08258596062660217,-0.021850550547242165,0.18383091688156128,-0.19655342400074005,-0.060162123292684555,-0.07301265001296997,0.013000139966607094,0.03920777514576912,-0.0415717288851738,0.040219929069280624,0.009562518447637558,-0.10166814178228378,-0.3421013355255127,-0.08873295038938522,-0.07493294775485992,-0.02420908771455288,-0.025482414290308952,-0.10356786847114563,0.04597333446145058,-0.12113028019666672,-0.02692686952650547,-0.02428181655704975,0.07157819718122482,-0.02073037438094616,-0.09130583703517914,0.19291113317012787,-0.06657493114471436,-0.22477418184280396,0.04277439042925835,0.02665100060403347,0.21648286283016205,0.2268637865781784,0.038120727986097336,0.023434016853570938,-0.08463496714830399,0.10691490024328232,-0.2117747813463211,0.02320554479956627,0.07440394908189774,0.04771936684846878,0.030692504718899727,0.008996359072625637,-0.13031071424484253,0.026657646521925926,0.09079094976186752,-0.107365183532238,-0.01802070438861847,0.055340174585580826,-0.1351391077041626,-0.0024891081266105175,-0.05743961036205292,0.2677178680896759,0.0996532291173935,-0.106931172311306,-0.09907375276088715,0.07619678229093552,-0.13684512674808502,-0.07083670794963837,-0.019609948620200157,-0.15530194342136383,-0.18406695127487183,-0.3721841275691986,0.009083570912480354,0.4028581380844116,0.10040803253650665,-0.2288256138563156,0.03439348191022873,-0.047620028257369995,0.004788444377481937,0.20019803941249847,0.1483554244041443,-0.000684341648593545,0.007100439164787531,-0.12495880573987961,-0.0033063062001019716,0.22980599105358124,-0.10058172047138214,-0.02234889380633831,0.22919143736362457,-0.00830388069152832,0.034322917461395264,0.009199955500662327,-0.012729739770293236,-0.02455534227192402,0.06050240993499756,-0.13444529473781586,0.034743934869766235,0.12120019644498825,-0.03234788030385971,0.019672971218824387,0.10901159793138504,-0.20124582946300507,0.07278094440698624,-0.005300132092088461,0.035933878272771835,0.12315249443054199,-0.061184708029031754,-0.155814066529274,-0.07524807006120682,0.17586904764175415,-0.22946004569530487,0.1378505975008011,0.19744490087032318,0.061439398676157,0.13764028251171112,0.12047462165355682,0.08705013245344162,-0.03486226126551628,0.014081327244639397,-0.22984367609024048,0.03335985913872719,0.12817002832889557,-0.00866776518523693,0.09302022308111191,0.04691935330629349],[-0.08022620528936386,-0.005398683715611696,0.09673844277858734,-0.054380934685468674,-0.1392272412776947,-0.04243330657482147,-0.079132080078125,-0.08707217127084732,0.07575225830078125,-0.15784020721912384,0.2578924000263214,-0.054863959550857544,-0.17251597344875336,-0.04863087832927704,0.021136697381734848,0.1802072525024414,-0.16784319281578064,-0.06969840079545975,-0.11524594575166702,-0.0028142237570136786,0.0025429551023989916,-0.01902790181338787,0.040224432945251465,0.05032867565751076,-0.10280510038137436,-0.4063946008682251,-0.11914849281311035,-0.05206522345542908,0.06730133295059204,-0.030161289498209953,-0.12669456005096436,0.06892179697751999,-0.10777762532234192,-0.030863827094435692,0.04695632681250572,0.0877433493733406,-0.06549389660358429,-0.09910601377487183,0.24630653858184814,0.009264747612178326,-0.25355038046836853,0.028122475370764732,0.026489758864045143,0.2454027533531189,0.2491610199213028,0.048436183482408524,0.04086673632264137,-0.05065111443400383,0.15568161010742188,-0.2859783172607422,0.08316957950592041,0.121758371591568,0.09504542499780655,0.02924284338951111,0.05834037810564041,-0.10910022258758545,0.02344190515577793,0.12466739863157272,-0.17791889607906342,-0.018789269030094147,0.05353517830371857,-0.12671858072280884,-0.01972547173500061,-0.10443921387195587,0.20904411375522614,0.18101578950881958,-0.1265295147895813,-0.13544274866580963,0.12973648309707642,-0.17707408964633942,-0.05322365462779999,-0.017893308773636818,-0.17956185340881348,-0.16282625496387482,-0.3755197525024414,0.012651561759412289,0.38766759634017944,0.16075021028518677,-0.18755671381950378,-0.0028378472197800875,0.018855633214116096,-0.03248778358101845,0.1342737376689911,0.14313097298145294,-0.08442581444978714,-0.02149900607764721,-0.04628056660294533,0.017222708091139793,0.2016943097114563,-0.07040006667375565,-0.007709796540439129,0.20176108181476593,0.015345238149166107,0.06389913707971573,0.047526583075523376,0.015041777864098549,-0.06937624514102936,-0.04093513637781143,-0.15820807218551636,0.062224842607975006,0.02135334350168705,-0.04956051707267761,0.03513932600617409,0.1313643902540207,-0.20136283338069916,0.1503368765115738,-0.05358294025063515,-0.03472805395722389,0.03236375004053116,-0.041574012488126755,-0.13424114882946014,-0.06635867804288864,0.13042011857032776,-0.18480029702186584,0.11540138721466064,0.22484955191612244,0.08585954457521439,0.12941694259643555,0.13268035650253296,0.029330017045140266,-0.015886591747403145,0.031138310208916664,-0.20050165057182312,-0.023692775517702103,0.1007717028260231,-0.03691064938902855,0.056984707713127136,0.016446219757199287],[-0.052845098078250885,0.035578567534685135,0.07796519994735718,-0.0050082881934940815,-0.11784099787473679,-0.034623660147190094,-0.09558261930942535,-0.17896264791488647,0.048356883227825165,-0.10472112894058228,0.22233958542346954,-0.0675152987241745,-0.16214294731616974,-0.08070992678403854,-0.02406686544418335,0.17872744798660278,-0.16383467614650726,-0.06767084449529648,-0.06754475831985474,-0.04114755615592003,0.026346299797296524,-0.02648794651031494,0.02406766265630722,0.05139732360839844,-0.09517273306846619,-0.30991852283477783,-0.09017984569072723,-0.049808159470558167,-0.00008902944682631642,-0.022089630365371704,-0.0817575678229332,0.04941784590482712,-0.14980296790599823,-0.006987411994487047,-0.0001814890856621787,0.07159677892923355,0.010937750339508057,-0.08838369697332382,0.1831345409154892,-0.05848519876599312,-0.21868205070495605,0.06089824438095093,0.050187524408102036,0.23340106010437012,0.2575867176055908,0.02653663419187069,0.008112942799925804,-0.08508192747831345,0.17406441271305084,-0.193818598985672,0.04833068326115608,0.08798103779554367,0.014584491960704327,0.01288936473429203,-0.026272712275385857,-0.14316213130950928,0.029596759006381035,0.12124049663543701,-0.1223210021853447,-0.011211957782506943,0.05530381202697754,-0.12788279354572296,-0.01210278645157814,-0.06654142588376999,0.22612492740154266,0.1214194968342781,-0.10246632248163223,-0.16387102007865906,0.0552857480943203,-0.17433880269527435,-0.05564495921134949,-0.002760645467787981,-0.18982496857643127,-0.1481785625219345,-0.41673505306243896,0.014662614092230797,0.40635326504707336,0.08415213227272034,-0.22127215564250946,0.03806937113404274,-0.00323229911737144,0.027437793090939522,0.22677788138389587,0.15842092037200928,-0.0010895989835262299,-0.01643163338303566,-0.11731202900409698,0.0015244726091623306,0.24645459651947021,-0.07925441116094589,-0.03824455291032791,0.25864720344543457,-0.0024074790999293327,0.04417284205555916,0.01913987100124359,0.04769957810640335,-0.04634410887956619,0.027768347412347794,-0.1263672262430191,0.041156355291604996,0.07306099683046341,-0.009217222221195698,0.039476919919252396,0.12552188336849213,-0.21127653121948242,0.11349291354417801,-0.0165896974503994,0.08012690395116806,0.06733378022909164,-0.08288425207138062,-0.12589018046855927,-0.05797967314720154,0.16237197816371918,-0.20935475826263428,0.12435607612133026,0.17764067649841309,0.08559537678956985,0.1261902153491974,0.12410025298595428,0.06500469148159027,-0.02962045930325985,0.01884210668504238,-0.2031645029783249,0.048572227358818054,0.10603950917720795,-0.037636395543813705,0.08195005357265472,0.05352936312556267]]', NULL, '2025-04-09 12:10:35', '2025-04-09 12:10:35'),
(78, 'TVH00', 'Trần Việt Hùng', 'VietHung@gmail.com', '1234567890', 4, '[[-0.12103420495986938,0.04967790096998215,0.026674458757042885,-0.09708410501480103,-0.15063126385211945,-0.013767102733254433,-0.15541191399097443,-0.15958145260810852,0.12840263545513153,-0.13348837196826935,0.21330784261226654,-0.010287992656230927,-0.2058241069316864,-0.09015315026044846,-0.09002245217561722,0.20176413655281067,-0.16891714930534363,-0.14576101303100586,0.0014377462211996317,-0.02109612338244915,0.066216379404068,-0.006670976523309946,0.028325580060482025,0.023068156093358994,-0.1561533510684967,-0.285765677690506,-0.10725424438714981,-0.03593476861715317,-0.02594618871808052,-0.035054560750722885,-0.07880676537752151,0.06776838004589081,-0.19240370392799377,-0.0033739223144948483,0.012469062581658363,0.11653700470924377,0.05236046016216278,0.019546017050743103,0.12315276265144348,0.004781175870448351,-0.2591177225112915,0.05807063356041908,0.03365762159228325,0.2222011238336563,0.16444434225559235,0.05390631780028343,0.018463492393493652,-0.19879493117332458,0.09171587228775024,-0.1202307641506195,0.09262708574533463,0.17507725954055786,0.06331611424684525,0.016318604350090027,-0.04298188537359238,-0.11703553050756454,0.01979336515069008,0.13092035055160522,-0.10477673262357712,0.03356599807739258,0.13336630165576935,-0.02379697933793068,-0.08523474633693695,-0.13354617357254028,0.23845313489437103,0.1290726363658905,-0.17774540185928345,-0.21472865343093872,0.10922694951295853,-0.08747034519910812,-0.1415957510471344,0.03218335658311844,-0.18017956614494324,-0.16545633971691132,-0.35091614723205566,0.004135141149163246,0.3630889356136322,0.05429370328783989,-0.2545430064201355,0.05595621094107628,-0.05098121240735054,0.01795896328985691,0.13196931779384613,0.15224206447601318,-0.03127233684062958,0.03690745681524277,-0.05397948622703552,-0.004280393943190575,0.21532492339611053,-0.06188882887363434,-0.007049724459648132,0.22857259213924408,0.011480175890028477,0.09798529744148254,0.007847331464290619,0.14372627437114716,-0.06320556253194809,0.054737918078899384,-0.12486102432012558,-0.0099928705021739,0.09577170759439468,-0.044266875833272934,0.0071770548820495605,0.12304320186376572,-0.15003402531147003,0.176036536693573,0.01492388267070055,0.08795281499624252,0.07154451310634613,0.026948992162942886,-0.09778845310211182,-0.09869877994060516,0.14436817169189453,-0.22221346199512482,0.24220158159732819,0.17840343713760376,0.07884956151247025,0.0932554304599762,0.1894734799861908,0.14258411526679993,-0.02674230746924877,0.006796455010771751,-0.19561804831027985,-0.016602255403995514,0.09952376037836075,-0.10514003038406372,0.08174572139978409,0.06231511011719704],[-0.10798191279172897,0.13437969982624054,0.02993684820830822,-0.09700144082307816,-0.13073387742042542,-0.02380402199923992,-0.15040645003318787,-0.1941736489534378,0.11437560617923737,-0.05423701927065849,0.2628883123397827,-0.024714909493923187,-0.21369342505931854,-0.1313912719488144,-0.07679823786020279,0.17363443970680237,-0.17935709655284882,-0.13419166207313538,0.010467199608683586,-0.03827930986881256,0.10009357333183289,0.017145952209830284,0.02532876655459404,0.034139830619096756,-0.13597379624843597,-0.31229668855667114,-0.1105993464589119,-0.04635678976774216,0.013600777834653854,-0.010729662142693996,-0.04315342381596565,-0.002401939360424876,-0.20518942177295685,-0.08293430507183075,0.06584600359201431,0.11685161292552948,-0.054650627076625824,-0.03413866460323334,0.1272859126329422,-0.052637968212366104,-0.19215400516986847,0.06713178753852844,0.08811497688293457,0.22498269379138947,0.1864735633134842,0.073209248483181,0.06797713786363602,-0.19855305552482605,0.11426316946744919,-0.1329953670501709,0.0832476019859314,0.16308702528476715,0.08475086838006973,0.0552532859146595,-0.018938956782221794,-0.11969660967588425,-0.02497149631381035,0.2197645902633667,-0.1211891919374466,0.03991740569472313,0.1112678274512291,-0.06388651579618454,-0.06936468929052353,-0.14929360151290894,0.21591629087924957,0.12416084855794907,-0.1517879217863083,-0.2348090261220932,0.10207261145114899,-0.1256459355354309,-0.16923482716083527,0.053009577095508575,-0.15161949396133423,-0.16496244072914124,-0.35879817605018616,0.021448975428938866,0.3722582757472992,0.08765743672847748,-0.218789741396904,0.02514941431581974,-0.009615958668291569,0.04674545302987099,0.11277168244123459,0.12403418868780136,-0.013629854656755924,0.005107575096189976,-0.09194565564393997,-0.03875405341386795,0.2457098513841629,-0.07746241241693497,-0.013842911459505558,0.21952715516090393,0.013803642243146896,0.12864960730075836,0.014083490706980228,0.09383496642112732,-0.10342429578304291,0.041977740824222565,-0.14898377656936646,-0.03619084507226944,0.011418580077588558,0.01918681152164936,0.025654703378677368,0.12248388677835464,-0.11084867268800735,0.17092563211917877,0.007013180758804083,0.0726194679737091,0.010344473645091057,-0.027726616710424423,-0.052452147006988525,-0.08784724026918411,0.13912038505077362,-0.20345352590084076,0.2381160706281662,0.1688929945230484,0.10590681433677673,0.12922303378582,0.17536067962646484,0.08741386234760284,-0.012375644408166409,-0.014716774225234985,-0.20005783438682556,-0.0230163112282753,0.0815121978521347,-0.07845225930213928,0.09643681347370148,0.014732119627296925],[-0.08982381969690323,0.06848996132612228,0.019729673862457275,-0.0843612551689148,-0.14299507439136505,-0.04914838820695877,-0.11969568580389023,-0.15371009707450867,0.11875885725021362,-0.13877511024475098,0.24296428263187408,-0.0873284563422203,-0.20237936079502106,-0.10141860693693161,-0.05134402588009834,0.17408639192581177,-0.17269955575466156,-0.09664386510848999,0.013507473282516003,-0.01130303181707859,0.06492643058300018,-0.01707356423139572,-0.012634486891329288,0.03845614939928055,-0.09493735432624817,-0.3415609300136566,-0.15309551358222961,-0.044791802763938904,0.002230487996712327,-0.010663306340575218,-0.016366617754101753,0.0630684643983841,-0.14935585856437683,-0.06107361614704132,0.030154917389154434,0.06740082055330276,0.0205609742552042,0.011390033178031445,0.1330500990152359,-0.03993188589811325,-0.24073347449302673,0.025169115513563156,0.06583989411592484,0.20820236206054688,0.11696416884660721,0.09857303649187088,0.01848963089287281,-0.18059967458248138,0.10535546392202377,-0.11568071693181992,0.08210478723049164,0.1878672093153,0.06128630414605141,0.05227139592170715,-0.03525979444384575,-0.10887573659420013,0.037664804607629776,0.16537901759147644,-0.15045705437660217,0.019669417291879654,0.12109185755252838,-0.035553332418203354,-0.053636252880096436,-0.08489625155925751,0.23161228001117706,0.12059085816144943,-0.1460120528936386,-0.1795346736907959,0.15783806145191193,-0.12250372767448425,-0.11998651176691055,0.0006402542348951101,-0.16514359414577484,-0.17934609949588776,-0.330274760723114,0.021219884976744652,0.3627628684043884,0.08210717141628265,-0.20575718581676483,0.044707704335451126,-0.04773963615298271,0.007957343943417072,0.13434474170207977,0.15024131536483765,-0.02462318353354931,-0.0174426157027483,-0.029290618374943733,-0.031027428805828094,0.18455711007118225,-0.06192348897457123,0.022421367466449738,0.2369549721479416,0.011425100266933441,0.10184905678033829,0.025315573439002037,0.09571494162082672,-0.07027450948953629,0.03217444196343422,-0.12112513929605484,0.0007650788757018745,0.0815899595618248,-0.05369432643055916,0.005684856325387955,0.12542587518692017,-0.19146978855133057,0.20779825747013092,0.030416591092944145,0.0638338178396225,0.0648566409945488,0.028838327154517174,-0.041209783405065536,-0.09233608841896057,0.15870481729507446,-0.1912163645029068,0.2361021339893341,0.16451914608478546,0.07838308066129684,0.1480807512998581,0.15310154855251312,0.1380356401205063,-0.015478525310754776,-0.06876149773597717,-0.2061673253774643,-0.030826929956674576,0.08311200141906738,-0.08824460953474045,0.03627520427107811,0.031807251274585724],[-0.038104988634586334,0.09088672697544098,0.03986382111907005,-0.03139317408204079,-0.11919976025819778,0.006732438690960407,-0.12518693506717682,-0.12031648308038712,0.1457684487104416,-0.12949609756469727,0.219634547829628,-0.07092476636171341,-0.22315995395183563,-0.08301297575235367,-0.06132166087627411,0.17874523997306824,-0.14554427564144135,-0.08372330665588379,-0.013264656998217106,0.011258376762270927,0.03748474642634392,-0.002096748212352395,0.03520262613892555,0.006990887690335512,-0.10576792806386948,-0.38885971903800964,-0.13355039060115814,-0.06650511175394058,0.003556035691872239,-0.008621946908533573,-0.08422039449214935,0.04219803214073181,-0.13923059403896332,-0.03752915561199188,0.008488400839269161,0.07562292367219925,-0.04762778803706169,0.005468286108225584,0.15424178540706635,-0.0048786792904138565,-0.2643950283527374,0.04653549939393997,0.02968684583902359,0.20744803547859192,0.13565273582935333,0.11176778376102448,0.04336446151137352,-0.14872756600379944,0.08030051738023758,-0.13579490780830383,0.10297342389822006,0.17503829300403595,0.0884406715631485,0.06753827631473541,-0.02615521475672722,-0.09633352607488632,0.0032876981422305107,0.18477177619934082,-0.11461906135082245,0.05688675865530968,0.11384711414575577,-0.08337806165218353,-0.051620759069919586,-0.05419830232858658,0.28290116786956787,0.13391098380088806,-0.15020346641540527,-0.1410408616065979,0.1691226214170456,-0.12710432708263397,-0.10256849974393845,0.013418564572930336,-0.12513981759548187,-0.18851886689662933,-0.29529327154159546,0.04606989398598671,0.3728266656398773,0.09143529832363129,-0.22340840101242065,0.01752864383161068,-0.04598413407802582,0.017513761296868324,0.1374986618757248,0.1979333758354187,-0.035564400255680084,-0.008047331124544144,-0.05254405364394188,-0.06641075015068054,0.21552784740924835,-0.08193898946046829,0.018216343596577644,0.2542070150375366,0.01448877528309822,0.11951790004968643,0.016125768423080444,0.05786755308508873,-0.07227910310029984,0.009647146798670292,-0.11381083726882935,-0.027193749323487282,0.09718115627765656,-0.06658750772476196,-0.021886227652430534,0.09512456506490707,-0.17357216775417328,0.19817373156547546,0.01587636210024357,0.05647468939423561,0.13146236538887024,0.022967826575040817,-0.029034441336989403,-0.11051163822412491,0.18116909265518188,-0.21297666430473328,0.2270776629447937,0.15468506515026093,0.08207279443740845,0.15364278852939606,0.16535846889019012,0.1542712152004242,-0.0004295058024581522,-0.06638313084840775,-0.23435916006565094,-0.037715937942266464,0.10401017963886261,-0.08232954144477844,0.0446290597319603,0.03451959416270256],[-0.08734007924795151,0.05161047726869583,0.015101251192390919,-0.08308081328868866,-0.13091184198856354,-0.04925605654716492,-0.12725567817687988,-0.15166997909545898,0.11368576437234879,-0.12992025911808014,0.22387391328811646,-0.08317835628986359,-0.19152957201004028,-0.10063782334327698,-0.04858172684907913,0.1714712232351303,-0.164877250790596,-0.10152965784072876,0.01799137331545353,-0.010169797576963902,0.07246588170528412,-0.011422119103372097,-0.002097215736284852,0.04244111850857735,-0.11864016950130463,-0.3375775218009949,-0.15670081973075867,-0.051203835755586624,0.0006881366716697812,-0.01015979703515768,-0.028179902583360672,0.05644003674387932,-0.16055582463741302,-0.0570836178958416,0.024994172155857086,0.0751679539680481,0.02980353683233261,-0.006372303236275911,0.11995618045330048,-0.02273169904947281,-0.2421269565820694,0.02584831789135933,0.054935358464717865,0.20406414568424225,0.13411471247673035,0.09576239436864853,0.019640984013676643,-0.18171091377735138,0.1091715395450592,-0.1058286502957344,0.08122372627258301,0.17024728655815125,0.05903446301817894,0.0515391081571579,-0.03353533893823624,-0.09512816369533539,0.04647347331047058,0.16052913665771484,-0.1517663449048996,0.014913576655089855,0.10566886514425278,-0.022789038717746735,-0.03682617098093033,-0.0881175696849823,0.2362108677625656,0.10915683209896088,-0.14171841740608215,-0.16646942496299744,0.1581297069787979,-0.12079411000013351,-0.11169534176588058,0.008833537809550762,-0.16277700662612915,-0.17827923595905304,-0.3304906487464905,0.02086557447910309,0.348132848739624,0.07198891043663025,-0.2140718400478363,0.045688580721616745,-0.042873870581388474,0.013239649124443531,0.1424284130334854,0.15045826137065887,-0.015204180963337421,-0.013677735812962055,-0.031418412923812866,-0.03825926408171654,0.2048099786043167,-0.06435774266719818,0.023360351100564003,0.24177059531211853,0.005097710993140936,0.09314320981502533,0.037592094391584396,0.10923299193382263,-0.07538042217493057,0.039853308349847794,-0.10642453283071518,0.0019715712405741215,0.09305010735988617,-0.052425142377614975,0.003268460975959897,0.13004319369792938,-0.18362262845039368,0.19480496644973755,0.02570602111518383,0.06017657369375229,0.0748496949672699,0.018532367423176765,-0.050543755292892456,-0.10772177577018738,0.15449534356594086,-0.19612282514572144,0.22153691947460175,0.16253773868083954,0.06487201899290085,0.140809565782547,0.1380380541086197,0.14726530015468597,-0.02995348908007145,-0.05716071277856827,-0.2046479880809784,-0.020529570057988167,0.095667265355587,-0.08713939785957336,0.032126981765031815,0.029234714806079865]]', NULL, '2025-04-09 12:12:37', '2025-04-09 12:12:37');

-- --------------------------------------------------------

--
-- Cấu trúc bảng cho bảng `shift`
--

CREATE TABLE `shift` (
  `id` int(11) NOT NULL,
  `name` varchar(50) NOT NULL,
  `shift_start` time NOT NULL,
  `shift_end` time NOT NULL
) ENGINE=InnoDB DEFAULT CHARSET=utf8mb4 COLLATE=utf8mb4_general_ci;

--
-- Đang đổ dữ liệu cho bảng `shift`
--

INSERT INTO `shift` (`id`, `name`, `shift_start`, `shift_end`) VALUES
(1, 'Ca sáng', '08:00:00', '12:00:00'),
(2, 'Ca chiều', '13:00:00', '17:00:00'),
(3, 'Ca đêm', '18:00:00', '22:00:00'),
(4, 'Không làm', '00:00:00', '00:00:00');

-- --------------------------------------------------------

--
-- Cấu trúc bảng cho bảng `users`
--

CREATE TABLE `users` (
  `id` int(11) NOT NULL,
  `employee_id` int(11) NOT NULL,
  `username` varchar(50) NOT NULL,
  `password` varchar(255) NOT NULL,
  `role` enum('Employee','Admin','Manager') DEFAULT 'Employee',
  `created_at` timestamp NOT NULL DEFAULT current_timestamp(),
  `reset_token` varchar(255) DEFAULT NULL,
  `reset_expires_at` datetime DEFAULT NULL
) ENGINE=InnoDB DEFAULT CHARSET=utf8mb4 COLLATE=utf8mb4_general_ci;

--
-- Đang đổ dữ liệu cho bảng `users`
--

INSERT INTO `users` (`id`, `employee_id`, `username`, `password`, `role`, `created_at`, `reset_token`, `reset_expires_at`) VALUES
(5, 40, 'hungtgdd68@gmail.com', '$2y$10$gGA3PS.0iD24SrJjLOpiI.c85n5fTRp0VKW5usqM3zis5jsouU3/y', 'Admin', '2025-02-23 05:33:10', NULL, NULL),
(7, 42, 'C@gmail.com', '$2y$10$LadJfYx/K2X8ju57SoiWoePfEW5VkWK46ajnxe5bnWI6QG4mwoJk.', 'Admin', '2025-02-23 14:06:13', NULL, NULL),
(8, 43, 'L@gmail.com', '$2y$10$GaxdsLt1shlZ3Eb6GXCDm.1lshyBdKYigF/rM0t9fDjA3rlxZz3Sa', 'Employee', '2025-02-23 14:06:28', NULL, NULL),
(9, 44, 'Admin@gmail.coma', '$2y$10$AsbOfy7tjbZ8z8Vjf5TgP.wBAZYOWp6KVb9DY6FrH/76ilBEeFgoK', 'Employee', '2025-02-23 14:06:42', NULL, NULL),
(10, 45, 'Abcd@gmail.com', '$2y$10$Fu12Ao1hwrlblSf4GFWE0eLYukUq6Wl3qSVGDjuVERO9Rgq0sZr4m', 'Employee', '2025-03-01 06:47:23', NULL, NULL),
(25, 77, 'Dan@gmail.com', '$2y$10$K0oQHTaewIjr30c0yOO/xuY08H7EKLET8m.Py6SgArPIHVstwGw.S', 'Employee', '2025-04-09 12:10:35', NULL, NULL),
(26, 78, 'VietHung@gmail.com', '$2y$10$uNo0Qrsihp8bjZFpzWQWYexK/Fwwp5i5MGMJiKI8Zoa6WKMdiOmTK', 'Employee', '2025-04-09 12:12:37', NULL, NULL);

-- --------------------------------------------------------

--
-- Cấu trúc bảng cho bảng `work_schedules`
--

CREATE TABLE `work_schedules` (
  `id` int(11) NOT NULL,
  `employee_id` int(11) NOT NULL,
  `month` tinyint(4) NOT NULL,
  `year` smallint(6) NOT NULL,
  `created_at` timestamp NOT NULL DEFAULT current_timestamp()
) ENGINE=InnoDB DEFAULT CHARSET=utf8mb4 COLLATE=utf8mb4_general_ci;

--
-- Đang đổ dữ liệu cho bảng `work_schedules`
--

INSERT INTO `work_schedules` (`id`, `employee_id`, `month`, `year`, `created_at`) VALUES
(11, 40, 3, 2025, '2025-03-26 02:06:24'),
(12, 42, 3, 2025, '2025-03-26 02:06:30'),
(14, 43, 3, 2025, '2025-03-26 02:06:49'),
(15, 45, 3, 2025, '2025-03-27 09:09:22'),
(18, 40, 4, 2025, '2025-04-01 10:50:16'),
(20, 78, 4, 2025, '2025-04-09 12:35:07'),
(21, 77, 4, 2025, '2025-04-09 12:38:25');

-- --------------------------------------------------------

--
-- Cấu trúc bảng cho bảng `work_schedules_detail`
--

CREATE TABLE `work_schedules_detail` (
  `id` int(11) NOT NULL,
  `work_schedule_id` int(11) NOT NULL,
  `date` date NOT NULL,
  `shift_id` int(11) NOT NULL,
  `created_at` timestamp NOT NULL DEFAULT current_timestamp()
) ENGINE=InnoDB DEFAULT CHARSET=utf8mb4 COLLATE=utf8mb4_general_ci;

--
-- Đang đổ dữ liệu cho bảng `work_schedules_detail`
--

INSERT INTO `work_schedules_detail` (`id`, `work_schedule_id`, `date`, `shift_id`, `created_at`) VALUES
(168, 11, '2025-03-01', 1, '2025-03-26 02:06:24'),
(169, 11, '2025-03-02', 1, '2025-03-26 02:06:24'),
(170, 11, '2025-03-03', 1, '2025-03-26 02:06:24'),
(171, 11, '2025-03-04', 1, '2025-03-26 02:06:24'),
(172, 11, '2025-03-05', 1, '2025-03-26 02:06:24'),
(173, 11, '2025-03-06', 1, '2025-03-26 02:06:24'),
(174, 11, '2025-03-07', 1, '2025-03-26 02:06:24'),
(175, 11, '2025-03-08', 1, '2025-03-26 02:06:24'),
(176, 11, '2025-03-09', 1, '2025-03-26 02:06:24'),
(177, 11, '2025-03-10', 1, '2025-03-26 02:06:24'),
(178, 11, '2025-03-11', 1, '2025-03-26 02:06:24'),
(179, 11, '2025-03-12', 1, '2025-03-26 02:06:24'),
(180, 11, '2025-03-13', 1, '2025-03-26 02:06:24'),
(181, 11, '2025-03-14', 1, '2025-03-26 02:06:24'),
(182, 11, '2025-03-15', 1, '2025-03-26 02:06:24'),
(183, 11, '2025-03-16', 1, '2025-03-26 02:06:24'),
(184, 11, '2025-03-17', 1, '2025-03-26 02:06:24'),
(185, 11, '2025-03-18', 1, '2025-03-26 02:06:24'),
(186, 11, '2025-03-19', 1, '2025-03-26 02:06:24'),
(187, 11, '2025-03-20', 1, '2025-03-26 02:06:24'),
(188, 11, '2025-03-21', 1, '2025-03-26 02:06:24'),
(189, 11, '2025-03-22', 1, '2025-03-26 02:06:24'),
(190, 11, '2025-03-23', 1, '2025-03-26 02:06:24'),
(191, 11, '2025-03-24', 1, '2025-03-26 02:06:24'),
(192, 11, '2025-03-25', 1, '2025-03-26 02:06:24'),
(193, 11, '2025-03-26', 1, '2025-03-26 02:06:24'),
(194, 11, '2025-03-27', 1, '2025-03-26 02:06:24'),
(195, 11, '2025-03-28', 1, '2025-03-26 02:06:24'),
(196, 11, '2025-03-29', 1, '2025-03-26 02:06:24'),
(197, 11, '2025-03-30', 1, '2025-03-26 02:06:24'),
(199, 12, '2025-03-01', 1, '2025-03-26 02:06:30'),
(201, 12, '2025-03-03', 1, '2025-03-26 02:06:30'),
(202, 12, '2025-03-04', 1, '2025-03-26 02:06:30'),
(203, 12, '2025-03-05', 1, '2025-03-26 02:06:30'),
(204, 12, '2025-03-06', 1, '2025-03-26 02:06:30'),
(205, 12, '2025-03-07', 1, '2025-03-26 02:06:30'),
(206, 12, '2025-03-08', 1, '2025-03-26 02:06:30'),
(207, 12, '2025-03-09', 1, '2025-03-26 02:06:30'),
(208, 12, '2025-03-10', 1, '2025-03-26 02:06:30'),
(209, 12, '2025-03-11', 1, '2025-03-26 02:06:30'),
(210, 12, '2025-03-12', 1, '2025-03-26 02:06:30'),
(211, 12, '2025-03-13', 1, '2025-03-26 02:06:30'),
(212, 12, '2025-03-14', 1, '2025-03-26 02:06:30'),
(213, 12, '2025-03-15', 1, '2025-03-26 02:06:30'),
(214, 12, '2025-03-16', 1, '2025-03-26 02:06:30'),
(215, 12, '2025-03-17', 1, '2025-03-26 02:06:30'),
(216, 12, '2025-03-18', 1, '2025-03-26 02:06:30'),
(217, 12, '2025-03-19', 1, '2025-03-26 02:06:30'),
(218, 12, '2025-03-20', 1, '2025-03-26 02:06:30'),
(219, 12, '2025-03-21', 1, '2025-03-26 02:06:30'),
(220, 12, '2025-03-22', 1, '2025-03-26 02:06:30'),
(221, 12, '2025-03-23', 1, '2025-03-26 02:06:30'),
(222, 12, '2025-03-24', 1, '2025-03-26 02:06:30'),
(223, 12, '2025-03-25', 1, '2025-03-26 02:06:30'),
(224, 12, '2025-03-26', 1, '2025-03-26 02:06:30'),
(225, 12, '2025-03-27', 1, '2025-03-26 02:06:30'),
(226, 12, '2025-03-28', 1, '2025-03-26 02:06:30'),
(227, 12, '2025-03-29', 1, '2025-03-26 02:06:30'),
(228, 12, '2025-03-30', 1, '2025-03-26 02:06:30'),
(229, 12, '2025-03-31', 1, '2025-03-26 02:06:30'),
(261, 14, '2025-03-01', 1, '2025-03-26 02:06:49'),
(262, 14, '2025-03-02', 1, '2025-03-26 02:06:49'),
(263, 14, '2025-03-03', 1, '2025-03-26 02:06:49'),
(264, 14, '2025-03-04', 1, '2025-03-26 02:06:49'),
(265, 14, '2025-03-05', 1, '2025-03-26 02:06:49'),
(266, 14, '2025-03-06', 1, '2025-03-26 02:06:49'),
(267, 14, '2025-03-07', 1, '2025-03-26 02:06:49'),
(268, 14, '2025-03-08', 1, '2025-03-26 02:06:49'),
(269, 14, '2025-03-09', 1, '2025-03-26 02:06:49'),
(270, 14, '2025-03-10', 1, '2025-03-26 02:06:49'),
(271, 14, '2025-03-11', 1, '2025-03-26 02:06:49'),
(272, 14, '2025-03-12', 1, '2025-03-26 02:06:49'),
(273, 14, '2025-03-13', 1, '2025-03-26 02:06:49'),
(274, 14, '2025-03-14', 1, '2025-03-26 02:06:49'),
(275, 14, '2025-03-15', 1, '2025-03-26 02:06:49'),
(276, 14, '2025-03-16', 1, '2025-03-26 02:06:49'),
(277, 14, '2025-03-17', 1, '2025-03-26 02:06:49'),
(278, 14, '2025-03-18', 1, '2025-03-26 02:06:49'),
(279, 14, '2025-03-19', 1, '2025-03-26 02:06:49'),
(280, 14, '2025-03-20', 1, '2025-03-26 02:06:49'),
(281, 14, '2025-03-21', 1, '2025-03-26 02:06:49'),
(282, 14, '2025-03-22', 1, '2025-03-26 02:06:49'),
(283, 14, '2025-03-23', 1, '2025-03-26 02:06:49'),
(284, 14, '2025-03-24', 1, '2025-03-26 02:06:49'),
(285, 14, '2025-03-25', 1, '2025-03-26 02:06:49'),
(286, 14, '2025-03-26', 1, '2025-03-26 02:06:49'),
(287, 14, '2025-03-27', 1, '2025-03-26 02:06:49'),
(288, 14, '2025-03-28', 1, '2025-03-26 02:06:49'),
(289, 14, '2025-03-29', 1, '2025-03-26 02:06:49'),
(290, 14, '2025-03-30', 1, '2025-03-26 02:06:49'),
(291, 14, '2025-03-31', 1, '2025-03-26 02:06:49'),
(292, 15, '2025-03-01', 1, '2025-03-27 09:09:22'),
(293, 15, '2025-03-02', 1, '2025-03-27 09:09:22'),
(294, 15, '2025-03-03', 1, '2025-03-27 09:09:22'),
(295, 15, '2025-03-04', 1, '2025-03-27 09:09:22'),
(296, 15, '2025-03-05', 1, '2025-03-27 09:09:22'),
(297, 15, '2025-03-06', 1, '2025-03-27 09:09:22'),
(298, 15, '2025-03-07', 1, '2025-03-27 09:09:22'),
(299, 15, '2025-03-08', 1, '2025-03-27 09:09:22'),
(300, 15, '2025-03-09', 1, '2025-03-27 09:09:22'),
(301, 15, '2025-03-10', 1, '2025-03-27 09:09:22'),
(302, 15, '2025-03-11', 1, '2025-03-27 09:09:22'),
(303, 15, '2025-03-12', 1, '2025-03-27 09:09:22'),
(304, 15, '2025-03-13', 1, '2025-03-27 09:09:22'),
(305, 15, '2025-03-14', 1, '2025-03-27 09:09:22'),
(306, 15, '2025-03-15', 1, '2025-03-27 09:09:22'),
(307, 15, '2025-03-16', 1, '2025-03-27 09:09:22'),
(308, 15, '2025-03-17', 1, '2025-03-27 09:09:22'),
(309, 15, '2025-03-18', 1, '2025-03-27 09:09:22'),
(310, 15, '2025-03-19', 1, '2025-03-27 09:09:22'),
(311, 15, '2025-03-20', 1, '2025-03-27 09:09:22'),
(312, 15, '2025-03-21', 1, '2025-03-27 09:09:22'),
(313, 15, '2025-03-22', 1, '2025-03-27 09:09:22'),
(314, 15, '2025-03-23', 1, '2025-03-27 09:09:22'),
(315, 15, '2025-03-24', 1, '2025-03-27 09:09:22'),
(316, 15, '2025-03-25', 1, '2025-03-27 09:09:22'),
(317, 15, '2025-03-26', 1, '2025-03-27 09:09:22'),
(318, 15, '2025-03-27', 1, '2025-03-27 09:09:22'),
(319, 15, '2025-03-28', 3, '2025-03-27 09:09:22'),
(320, 15, '2025-03-29', 3, '2025-03-27 09:09:22'),
(321, 15, '2025-03-30', 2, '2025-03-27 09:09:22'),
(322, 15, '2025-03-31', 3, '2025-03-27 09:09:22'),
(385, 18, '2025-04-01', 3, '2025-04-01 10:50:16'),
(386, 18, '2025-04-02', 1, '2025-04-01 10:50:16'),
(387, 18, '2025-04-03', 1, '2025-04-01 10:50:16'),
(388, 18, '2025-04-04', 1, '2025-04-01 10:50:16'),
(389, 18, '2025-04-05', 1, '2025-04-01 10:50:16'),
(390, 18, '2025-04-06', 1, '2025-04-01 10:50:16'),
(391, 18, '2025-04-07', 1, '2025-04-01 10:50:16'),
(392, 18, '2025-04-08', 1, '2025-04-01 10:50:16'),
(393, 18, '2025-04-09', 1, '2025-04-01 10:50:16'),
(394, 18, '2025-04-10', 1, '2025-04-01 10:50:16'),
(395, 18, '2025-04-11', 1, '2025-04-01 10:50:16'),
(396, 18, '2025-04-12', 1, '2025-04-01 10:50:16'),
(397, 18, '2025-04-13', 1, '2025-04-01 10:50:16'),
(398, 18, '2025-04-14', 1, '2025-04-01 10:50:16'),
(399, 18, '2025-04-15', 1, '2025-04-01 10:50:16'),
(400, 18, '2025-04-16', 1, '2025-04-01 10:50:16'),
(401, 18, '2025-04-17', 1, '2025-04-01 10:50:16'),
(402, 18, '2025-04-18', 1, '2025-04-01 10:50:16'),
(403, 18, '2025-04-19', 1, '2025-04-01 10:50:16'),
(404, 18, '2025-04-20', 1, '2025-04-01 10:50:16'),
(405, 18, '2025-04-21', 1, '2025-04-01 10:50:16'),
(406, 18, '2025-04-22', 1, '2025-04-01 10:50:16'),
(407, 18, '2025-04-23', 1, '2025-04-01 10:50:16'),
(408, 18, '2025-04-24', 1, '2025-04-01 10:50:16'),
(409, 18, '2025-04-25', 1, '2025-04-01 10:50:16'),
(410, 18, '2025-04-26', 1, '2025-04-01 10:50:16'),
(411, 18, '2025-04-27', 1, '2025-04-01 10:50:16'),
(412, 18, '2025-04-28', 1, '2025-04-01 10:50:16'),
(413, 18, '2025-04-29', 1, '2025-04-01 10:50:16'),
(414, 18, '2025-04-30', 1, '2025-04-01 10:50:16'),
(445, 20, '2025-04-01', 1, '2025-04-09 12:35:07'),
(446, 20, '2025-04-02', 1, '2025-04-09 12:35:07'),
(447, 20, '2025-04-03', 1, '2025-04-09 12:35:07'),
(448, 20, '2025-04-04', 1, '2025-04-09 12:35:07'),
(449, 20, '2025-04-05', 1, '2025-04-09 12:35:07'),
(450, 20, '2025-04-06', 1, '2025-04-09 12:35:07'),
(451, 20, '2025-04-07', 1, '2025-04-09 12:35:07'),
(452, 20, '2025-04-08', 1, '2025-04-09 12:35:07'),
(453, 20, '2025-04-09', 1, '2025-04-09 12:35:07'),
(454, 20, '2025-04-10', 1, '2025-04-09 12:35:07'),
(455, 20, '2025-04-11', 1, '2025-04-09 12:35:07'),
(456, 20, '2025-04-12', 1, '2025-04-09 12:35:07'),
(457, 20, '2025-04-13', 1, '2025-04-09 12:35:07'),
(458, 20, '2025-04-14', 1, '2025-04-09 12:35:07'),
(459, 20, '2025-04-15', 1, '2025-04-09 12:35:07'),
(460, 20, '2025-04-16', 1, '2025-04-09 12:35:07'),
(461, 20, '2025-04-17', 1, '2025-04-09 12:35:07'),
(462, 20, '2025-04-18', 1, '2025-04-09 12:35:07'),
(463, 20, '2025-04-19', 1, '2025-04-09 12:35:07'),
(464, 20, '2025-04-20', 1, '2025-04-09 12:35:07'),
(465, 20, '2025-04-21', 1, '2025-04-09 12:35:07'),
(466, 20, '2025-04-22', 1, '2025-04-09 12:35:07'),
(467, 20, '2025-04-23', 1, '2025-04-09 12:35:07'),
(468, 20, '2025-04-24', 1, '2025-04-09 12:35:07'),
(469, 20, '2025-04-25', 1, '2025-04-09 12:35:07'),
(470, 20, '2025-04-26', 1, '2025-04-09 12:35:07'),
(471, 20, '2025-04-27', 1, '2025-04-09 12:35:07'),
(472, 20, '2025-04-28', 1, '2025-04-09 12:35:07'),
(473, 20, '2025-04-29', 1, '2025-04-09 12:35:07'),
(474, 20, '2025-04-30', 1, '2025-04-09 12:35:07'),
(475, 21, '2025-04-01', 1, '2025-04-09 12:38:25'),
(476, 21, '2025-04-02', 1, '2025-04-09 12:38:25'),
(477, 21, '2025-04-03', 1, '2025-04-09 12:38:25'),
(478, 21, '2025-04-04', 1, '2025-04-09 12:38:25'),
(479, 21, '2025-04-05', 1, '2025-04-09 12:38:25'),
(480, 21, '2025-04-06', 1, '2025-04-09 12:38:25'),
(481, 21, '2025-04-07', 1, '2025-04-09 12:38:25'),
(482, 21, '2025-04-08', 1, '2025-04-09 12:38:25'),
(483, 21, '2025-04-09', 1, '2025-04-09 12:38:25'),
(484, 21, '2025-04-10', 1, '2025-04-09 12:38:25'),
(485, 21, '2025-04-11', 1, '2025-04-09 12:38:25'),
(486, 21, '2025-04-12', 1, '2025-04-09 12:38:25'),
(487, 21, '2025-04-13', 1, '2025-04-09 12:38:25'),
(488, 21, '2025-04-14', 1, '2025-04-09 12:38:25'),
(489, 21, '2025-04-15', 1, '2025-04-09 12:38:25'),
(490, 21, '2025-04-16', 1, '2025-04-09 12:38:25'),
(491, 21, '2025-04-17', 1, '2025-04-09 12:38:25'),
(492, 21, '2025-04-18', 1, '2025-04-09 12:38:25'),
(493, 21, '2025-04-19', 1, '2025-04-09 12:38:25'),
(494, 21, '2025-04-20', 1, '2025-04-09 12:38:25'),
(495, 21, '2025-04-21', 1, '2025-04-09 12:38:25'),
(496, 21, '2025-04-22', 1, '2025-04-09 12:38:25'),
(497, 21, '2025-04-23', 1, '2025-04-09 12:38:25'),
(498, 21, '2025-04-24', 1, '2025-04-09 12:38:25'),
(499, 21, '2025-04-25', 1, '2025-04-09 12:38:25'),
(500, 21, '2025-04-26', 1, '2025-04-09 12:38:25'),
(501, 21, '2025-04-27', 1, '2025-04-09 12:38:25'),
(502, 21, '2025-04-28', 1, '2025-04-09 12:38:25'),
(503, 21, '2025-04-29', 1, '2025-04-09 12:38:25'),
(504, 21, '2025-04-30', 1, '2025-04-09 12:38:25');

--
-- Chỉ mục cho các bảng đã đổ
--

--
-- Chỉ mục cho bảng `attendance_logs`
--
ALTER TABLE `attendance_logs`
  ADD PRIMARY KEY (`id`),
  ADD KEY `employee_id` (`employee_id`);

--
-- Chỉ mục cho bảng `departments`
--
ALTER TABLE `departments`
  ADD PRIMARY KEY (`id`),
  ADD UNIQUE KEY `name` (`name`);

--
-- Chỉ mục cho bảng `employees`
--
ALTER TABLE `employees`
  ADD PRIMARY KEY (`id`),
  ADD UNIQUE KEY `employee_code` (`employee_code`),
  ADD UNIQUE KEY `email` (`email`),
  ADD UNIQUE KEY `qr_code` (`qr_code`) USING HASH,
  ADD KEY `department_id` (`department_id`);

--
-- Chỉ mục cho bảng `shift`
--
ALTER TABLE `shift`
  ADD PRIMARY KEY (`id`);

--
-- Chỉ mục cho bảng `users`
--
ALTER TABLE `users`
  ADD PRIMARY KEY (`id`),
  ADD UNIQUE KEY `employee_id` (`employee_id`),
  ADD UNIQUE KEY `username` (`username`);

--
-- Chỉ mục cho bảng `work_schedules`
--
ALTER TABLE `work_schedules`
  ADD PRIMARY KEY (`id`),
  ADD KEY `employee_id` (`employee_id`);

--
-- Chỉ mục cho bảng `work_schedules_detail`
--
ALTER TABLE `work_schedules_detail`
  ADD PRIMARY KEY (`id`),
  ADD KEY `work_schedule_id` (`work_schedule_id`),
  ADD KEY `shift_id` (`shift_id`);

--
-- AUTO_INCREMENT cho các bảng đã đổ
--

--
-- AUTO_INCREMENT cho bảng `attendance_logs`
--
ALTER TABLE `attendance_logs`
  MODIFY `id` int(11) NOT NULL AUTO_INCREMENT, AUTO_INCREMENT=253;

--
-- AUTO_INCREMENT cho bảng `departments`
--
ALTER TABLE `departments`
  MODIFY `id` int(11) NOT NULL AUTO_INCREMENT, AUTO_INCREMENT=35;

--
-- AUTO_INCREMENT cho bảng `employees`
--
ALTER TABLE `employees`
  MODIFY `id` int(11) NOT NULL AUTO_INCREMENT, AUTO_INCREMENT=79;

--
-- AUTO_INCREMENT cho bảng `shift`
--
ALTER TABLE `shift`
  MODIFY `id` int(11) NOT NULL AUTO_INCREMENT, AUTO_INCREMENT=6;

--
-- AUTO_INCREMENT cho bảng `users`
--
ALTER TABLE `users`
  MODIFY `id` int(11) NOT NULL AUTO_INCREMENT, AUTO_INCREMENT=27;

--
-- AUTO_INCREMENT cho bảng `work_schedules`
--
ALTER TABLE `work_schedules`
  MODIFY `id` int(11) NOT NULL AUTO_INCREMENT, AUTO_INCREMENT=22;

--
-- AUTO_INCREMENT cho bảng `work_schedules_detail`
--
ALTER TABLE `work_schedules_detail`
  MODIFY `id` int(11) NOT NULL AUTO_INCREMENT, AUTO_INCREMENT=505;

--
-- Các ràng buộc cho các bảng đã đổ
--

--
-- Các ràng buộc cho bảng `attendance_logs`
--
ALTER TABLE `attendance_logs`
  ADD CONSTRAINT `attendance_logs_ibfk_1` FOREIGN KEY (`employee_id`) REFERENCES `employees` (`id`) ON DELETE CASCADE;

--
-- Các ràng buộc cho bảng `employees`
--
ALTER TABLE `employees`
  ADD CONSTRAINT `employees_ibfk_1` FOREIGN KEY (`department_id`) REFERENCES `departments` (`id`) ON DELETE SET NULL;

--
-- Các ràng buộc cho bảng `users`
--
ALTER TABLE `users`
  ADD CONSTRAINT `users_ibfk_1` FOREIGN KEY (`employee_id`) REFERENCES `employees` (`id`) ON DELETE CASCADE;

--
-- Các ràng buộc cho bảng `work_schedules`
--
ALTER TABLE `work_schedules`
  ADD CONSTRAINT `work_schedules_ibfk_1` FOREIGN KEY (`employee_id`) REFERENCES `employees` (`id`) ON DELETE CASCADE;

--
-- Các ràng buộc cho bảng `work_schedules_detail`
--
ALTER TABLE `work_schedules_detail`
  ADD CONSTRAINT `work_schedules_detail_ibfk_1` FOREIGN KEY (`work_schedule_id`) REFERENCES `work_schedules` (`id`) ON DELETE CASCADE,
  ADD CONSTRAINT `work_schedules_detail_ibfk_2` FOREIGN KEY (`shift_id`) REFERENCES `shift` (`id`) ON DELETE CASCADE;
COMMIT;

/*!40101 SET CHARACTER_SET_CLIENT=@OLD_CHARACTER_SET_CLIENT */;
/*!40101 SET CHARACTER_SET_RESULTS=@OLD_CHARACTER_SET_RESULTS */;
/*!40101 SET COLLATION_CONNECTION=@OLD_COLLATION_CONNECTION */;
